ID,Price
12001,571.3861
12002,384.34499999999997
12003,39.21300000000001
12004,574.146
12005,381.471
12006,37.991
12007,574.329
12008,378.01699999999994
12009,37.334999999999994
12010,574.3439999999999
12011,372.374
12012,36.489979999999996
12013,567.42933
12014,374.652
12015,36.059
12016,565.29809
12017,381.5
12018,36.709
12019,550.8979800000001
12020,376.33000000000004
12021,36.388
12022,556.7018
12023,387.54100000000005
12024,36.946
12025,554.9148899999999
12026,385.37700000000007
12027,35.661
12028,554.3158000000001
12029,395.88700000000006
12030,37.334999999999994
12031,565.3308000000001
12032,397.485
12033,37.38850000000001
12034,575.5722000000001
12035,395.197
12036,37.449999999999996
12037,579.0672999999999
12038,404.18300000000005
12039,37.147999999999996
12040,578.9402000000001
12041,402.773
12042,37.878
12043,575.4789000000001
12044,390.9820000000001
12045,37.664100000000005
12046,561.5228000000001
12047,391.6192
12048,37.7791
12049,561.8246000000001
12050,393.5362
12051,37.518
12052,555.52305
12053,391.67500000000007
12054,36.653000000000006
12055,551.6159899999999
12056,386.72799999999995
12057,35.836999999999996
12058,550.45299
12059,388.26800000000003
12060,35.214999999999996
12061,553.6635
12062,394.54
12063,35.352
12064,554.46119
12065,393.53700000000003
12066,34.556999999999995
12067,559.1511900000002
12068,389.65
12069,35.086
12070,542.40599
12071,385.25699999999995
12072,34.68899999999999
12073,546.53624
12074,388.432
12075,36.111000000000004
12076,566.6165299999999
12077,389.41099999999994
12078,36.528
12079,571.85939
12080,389.58799999999997
12081,36.501
12082,565.6015
12083,394.706
12084,36.4705
12085,566.8269999999999
12086,400.09299999999996
12087,35.937000000000005
12088,566.5532
12089,399.6932
12090,35.319900000000004
12091,568.88754
12092,395.28819999999996
12093,35.0899
12094,568.7760000000001
12095,384.9219999999999
12096,36.794
12097,559.3675
12098,382.51719999999995
12099,35.3314
12100,541.0658
12101,385.51619999999997
12102,35.333
12103,517.1048699999999
12104,381.709
12105,36.137
12106,512.01921
12107,391.2852
12108,36.176
12109,489.74642000000006
12110,373.305
12111,38.507999999999996
12112,487.37249999999995
12113,375.2969999999999
12114,38.1135
12115,499.06629000000004
12116,373.31299999999993
12117,36.659000000000006
12118,488.73319000000004
12119,366.787
12120,35.13099999999999
12121,487.3169
12122,356.843
12123,35.221999999999994
12124,505.34082
12125,363.51150000000007
12126,35.2875
12127,520.8499199999999
12128,371.24300000000005
12129,36.301
12130,531.271
12131,382.12659999999994
12132,37.33800000000001
12133,534.0006
12134,377.77599999999995
12135,37.657
12136,534.46139
12137,352.62160000000006
12138,38.604
12139,538.1193900000001
12140,346.6146
12141,37.75
12142,541.8545999999999
12143,343.771
12144,37.864000000000004
12145,544.5361999999999
12146,340.812
12147,37.718
12148,545.3706
12149,340.959
12150,37.95
12151,536.4236
12152,340.959
12153,38.168
12154,525.077
12155,338.37600000000003
12156,37.476
12157,512.9002
12158,354.60875
12159,36.842
12160,509.29809000000006
12161,361.1818
12162,36.556000000000004
12163,513.74882
12164,359.58979999999997
12165,37.9241
12166,522.8013199999999
12167,360.59600000000006
12168,40.045
12169,522.5099
12170,351.95899999999995
12171,37.699
12172,525.0354
12173,362.80600000000004
12174,39.57000000000001
12175,528.0793000000001
12176,376.132
12177,38.275
12178,525.2412
12179,382.226
12180,37.907000000000004
12181,523.9913
12182,386.41299999999995
12183,37.777
12184,525.6833
12185,379.62600000000003
12186,37.653999999999996
12187,532.9336999999999
12188,377.922
12189,38.001
12190,535.13
12191,376.259
12192,38.8531
12193,540.7632
12194,382.554
12195,37.551
12196,528.2452000000001
12197,381.395
12198,36.929
12199,527.7121999999999
12200,388.756
12201,37.763
12202,528.78072
12203,388.629
12204,41.724000000000004
12205,528.8018999999999
12206,384.46100000000007
12207,41.046
12208,527.2701999999999
12209,379.624
12210,40.908
12211,527.9864
12212,375.053
12213,40.028
12214,537.9401
12215,371.45799999999997
12216,41.147
12217,550.6533999999999
12218,371.768
12219,40.764
12220,562.4012
12221,372.13399999999996
12222,38.69999
12223,558.5582
12224,352.09499999999997
12225,38.84199
12226,556.2472
12227,341.933
12228,39.79999
12229,555.1902
12230,340.803
12231,40.763
12232,560.8762
12233,340.46999999999997
12234,41.984
12235,564.09364
12236,335.982
12237,42.18799999999999
12238,560.6463
12239,335.75100000000003
12240,42.099999999999994
12241,562.4609999999999
12242,336.731
12243,40.819
12244,544.0700199999999
12245,324.12660000000005
12246,38.377
12247,527.76842
12248,324.6306000000001
12249,38.209999999999994
12250,527.33932
12251,326.5776
12252,39.227999999999994
12253,518.8664200000001
12254,327.44259999999997
12255,38.49000000000001
12256,515.2599700000001
12257,322.60350000000005
12258,38.55500000000001
12259,521.1738499999999
12260,321.67150000000004
12261,38.602
12262,520.6495
12263,318.7436000000001
12264,38.46999999999999
12265,522.7112999999999
12266,321.742
12267,40.63
12268,524.49552
12269,322.9516
12270,40.327999999999996
12271,528.37202
12272,326.5026
12273,40.1
12274,528.59932
12275,327.65459999999996
12276,39.862
12277,520.28932
12278,338.737
12279,38.519
12280,558.7546
12281,345.651
12282,40.197
12283,566.4224
12284,325.62960000000004
12285,38.858
12286,579.9014299999999
12287,319.30960000000005
12288,41.919999999999995
12289,585.48133
12290,307.9784
12291,39.508
12292,589.8123300000001
12293,300.2594
12294,38.95399999999999
12295,588.2698700000001
12296,286.885
12297,39.021
12298,597.2027300000001
12299,293.3388
12300,38.277
12301,606.6865
12302,294.14549999999997
12303,38.633
12304,605.597
12305,306.2685
12306,38.824
12307,604.94099
12308,300.235
12309,38.71900000000001
12310,603.36919
12311,291.24899999999997
12312,40.664
12313,605.23819
12314,289.48400000000004
12315,40.227999999999994
12316,605.83619
12317,297.9811
12318,40.379000000000005
12319,608.68419
12320,297.106
12321,40.673
12322,603.72119
12323,300.84110000000004
12324,39.935
12325,603.62219
12326,300.49210000000005
12327,39.092
12328,601.20419
12329,290.965
12330,38.36299999999999
12331,609.3491900000001
12332,291.44800000000004
12333,39.032
12334,607.4741900000001
12335,296.8630000000001
12336,38.983
12337,611.0691899999999
12338,303.59710000000007
12339,40.146
12340,609.77719
12341,307.64110000000005
12342,40.6
12343,610.48519
12344,314.11109999999996
12345,41.122
12346,624.434
12347,314.2866
12348,40.69199999999999
12349,625.3639999999999
12350,314.0171
12351,39.50600000000001
12352,643.6474000000001
12353,314.65610000000004
12354,40.61
12355,641.9073999999998
12356,313.36199999999997
12357,41.828
12358,637.3804
12359,312.79274999999996
12360,42.07
12361,635.0289399999999
12362,305.58299999999997
12363,38.727
12364,649.4813999999999
12365,306.26050000000004
12366,39.181
12367,661.7191999999999
12368,317.69410000000005
12369,41.217
12370,660.3034
12371,322.7377
12372,43.295
12373,420.442
12374,324.62749999999994
12375,43.144999999999996
12376,362.79
12377,327.95449999999994
12378,42.884
12379,215.8132
12380,342.46379999999994
12381,39.689
12382,112.00020000000002
12383,346.39599999999996
12384,40.023999999999994
12385,95.82700000000001
12386,347.55920000000003
12387,43.31099999999999
12388,88.885
12389,345.7652
12390,43.023999999999994
12391,88.885
12392,344.95899999999995
12393,42.574
12394,91.78200000000001
12395,350.8649999999999
12396,43.035000000000004
12397,72.60799999999999
12398,336.84799999999996
12399,43.349000000000004
12400,67.543
12401,339.4042
12402,43.034000000000006
12403,68.878
12404,336.15020000000004
12405,43.527
12406,69.572
12407,323.495
12408,42.851000000000006
12409,67.76
12410,322.50100000000003
12411,43.572
12412,74.48299999999999
12413,323.8570000000001
12414,42.126
12415,89.98899999999999
12416,324.8380000000001
12417,43.638999999999996
12418,95.06699999999998
12419,324.95500000000004
12420,42.68199
12421,102.18099999999998
12422,325.266
12423,43.13100000000001
12424,101.248
12425,338.909
12426,43.13000000000001
12427,102.75237
12428,342.069
12429,42.458000000000006
12430,101.58437
12431,340.5422
12432,43.306000000000004
12433,98.35799999999999
12434,333.7085000000001
12435,42.396
12436,99.23200000000001
12437,336.79200000000003
12438,42.039
12439,99.231
12440,330.245
12441,42.599000000000004
12442,97.828
12443,346.9089
12444,43.513999999999996
12445,106.00399999999999
12446,353.69899999999996
12447,43.745
12448,95.38300000000001
12449,355.2412
12450,44.870999999999995
12451,96.354
12452,356.90999999999997
12453,45.089
12454,92.07300000000001
12455,359.908
12456,43.708
12457,90.32900000000001
12458,360.208
12459,45.301
12460,91.653
12461,362.816
12462,44.604
12463,95.59400000000001
12464,361.223
12465,44.694
12466,105.86599999999999
12467,357.17100000000005
12468,44.987
12469,107.103
12470,353.738
12471,45.471
12472,107.388
12473,340.95619999999997
12474,45.519999999999996
12475,106.576
12476,340.38399999999996
12477,46.126000000000005
12478,107.846
12479,321.03100000000006
12480,44.478
12481,99.67
12482,323.29100000000005
12483,43.995
12484,95.156
12485,322.8260000000001
12486,43.121
12487,93.24299999999998
12488,316.7259
12489,43.849900000000005
12490,94.803
12491,317.4299000000001
12492,42.999
12493,94.079
12494,315.74090000000007
12495,42.99400000000001
12496,90.673
12497,313.8413
12498,42.89300000000001
12499,93.473
12500,315.2563
12501,43.899
12502,96.11299999999999
12503,315.93190000000004
12504,44.152
12505,100.508
12506,317.9198
12507,44.0
12508,100.351
12509,318.6599
12510,43.44
12511,101.081
12512,326.271
12513,46.172
12514,99.27499999999999
12515,331.452
12516,46.559999999999995
12517,99.983
12518,344.18600000000004
12519,45.937999999999995
12520,100.942
12521,351.682
12522,46.033
12523,101.24199999999999
12524,351.43719999999996
12525,46.739999999999995
12526,103.07000000000001
12527,351.0412
12528,47.136
12529,104.84700000000001
12530,344.48900000000003
12531,47.338
12532,107.65
12533,340.438
12534,47.234
12535,107.65
12536,341.23400000000004
12537,46.519
12538,102.48599999999999
12539,356.0489999999999
12540,45.44799999999999
12541,107.898
12542,353.938
12543,45.198
12544,108.23800000000001
12545,349.775
12546,45.432
12547,108.29
12548,348.361
12549,47.102
12550,107.81800000000001
12551,345.3765
12552,46.660999999999994
12553,102.66399999999999
12554,344.99675
12555,46.02900000000001
12556,97.014
12557,354.70799999999997
12558,47.18899999999999
12559,97.28099999999999
12560,370.63399999999996
12561,47.528999999999996
12562,93.227
12563,366.306
12564,45.884
12565,96.631
12566,362.89399999999995
12567,46.45
12568,100.49100000000001
12569,362.442
12570,46.708000000000006
12571,101.681
12572,363.206
12573,47.874
12574,104.01299999999999
12575,361.369
12576,47.748000000000005
12577,107.96600000000001
12578,363.01000000000005
12579,47.217000000000006
12580,106.43399000000002
12581,347.18019999999996
12582,47.343999999999994
12583,106.73898999999999
12584,352.384
12585,46.721000000000004
12586,109.02699
12587,352.59200000000004
12588,46.778999999999996
12589,104.82699000000002
12590,356.5251
12591,44.595000000000006
12592,102.356
12593,354.92810000000003
12594,47.993
12595,105.96900000000001
12596,347.0783
12597,46.908
12598,101.475
12599,352.66010000000006
12600,45.045
12601,97.09899999999999
12602,354.6811
12603,44.891000000000005
12604,99.566
12605,353.3611000000001
12606,45.88000000000001
12607,99.949
12608,352.64610000000005
12609,46.451
12610,100.80099999999997
12611,355.35210000000006
12612,46.259
12613,95.21100000000001
12614,355.3271000000001
12615,44.852999999999994
12616,98.869
12617,349.5453000000001
12618,44.685
12619,96.952
12620,354.38210000000004
12621,47.388999999999996
12622,97.22499999999998
12623,354.38210000000004
12624,47.702000000000005
12625,95.92599999999999
12626,353.9954000000001
12627,44.5
12628,104.609
12629,352.4974000000001
12630,43.063
12631,100.79200000000002
12632,354.32860000000005
12633,45.18
12634,98.753
12635,348.5246000000001
12636,43.044
12637,95.367
12638,344.1905
12639,43.864
12640,96.336
12641,344.73580000000004
12642,44.251999999999995
12643,96.975
12644,339.9352
12645,43.732
12646,97.741
12647,330.4271
12648,44.358
12649,94.94
12650,343.44100000000003
12651,43.495999999999995
12652,101.22999999999999
12653,342.64520000000005
12654,43.370999999999995
12655,103.83899999999998
12656,349.8982
12657,44.151
12658,105.46200000000002
12659,346.23980000000006
12660,44.415000000000006
12661,106.829
12662,346.71500000000003
12663,45.12500000000001
12664,107.247
12665,327.14700000000005
12666,46.451
12667,107.30700000000002
12668,324.5602
12669,45.59599999999999
12670,107.78600000000002
12671,325.7162000000001
12672,46.997
12673,107.80400000000002
12674,331.30800000000005
12675,46.461999999999996
12676,107.12500000000003
12677,337.62800000000004
12678,45.021
12679,108.45899999999999
12680,325.63710000000003
12681,47.091
12682,110.372
12683,344.58610000000004
12684,47.991
12685,109.324
12686,344.8701
12687,48.085
12688,110.26399999999998
12689,341.61800000000005
12690,47.767
12691,110.626
12692,334.50290000000007
12693,48.763999999999996
12694,110.68199999999999
12695,341.0982
12696,48.07
12697,112.258
12698,348.3113
12699,48.39
12700,111.329
12701,349.43919999999997
12702,49.599
12703,111.148
12704,348.1212
12705,48.908
12706,113.98600000000002
12707,346.40569999999997
12708,49.983999999999995
12709,116.898
12710,344.75019999999995
12711,49.385999999999996
12712,119.088
12713,348.9856
12714,50.211000000000006
12715,118.80699999999999
12716,347.0236
12717,49.331999999999994
12718,115.85300000000002
12719,349.409
12720,48.593999999999994
12721,118.65700000000001
12722,362.78599999999994
12723,48.25000000000001
12724,117.126
12725,365.3256
12726,47.958000000000006
12727,120.05800000000002
12728,368.919
12729,48.040000000000006
12730,117.725
12731,368.191
12732,48.004999999999995
12733,120.505
12734,367.62399999999997
12735,48.123000000000005
12736,120.248
12737,365.371
12738,47.65500000000001
12739,119.226
12740,363.69500000000005
12741,49.417
12742,117.752
12743,364.20719999999994
12744,48.928000000000004
12745,117.81299999999999
12746,364.54720000000003
12747,47.681
12748,117.36099999999999
12749,352.31100000000004
12750,50.18000000000001
12751,116.90599999999998
12752,354.924
12753,47.73899999999999
12754,112.83600000000001
12755,352.0409
12756,47.94499999999999
12757,110.75399999999999
12758,344.57790000000006
12759,47.84499999999999
12760,109.646
12761,347.6499
12762,47.558
12763,106.48700000000001
12764,347.1619
12765,46.273
12766,105.18599999999999
12767,339.2061
12768,43.7051
12769,106.72200000000001
12770,345.2609
12771,43.848
12772,101.55
12773,340.52689999999996
12774,42.525999999999996
12775,103.022
12776,329.3808
12777,45.3061
12778,113.89098999999999
12779,335.33259999999996
12780,42.89
12781,113.70899999999999
12782,325.74420000000003
12783,46.281
12784,114.16399999999999
12785,346.93320000000006
12786,45.374
12787,118.577
12788,347.59430000000003
12789,49.778999999999996
12790,112.66
12791,345.67830000000004
12792,50.437
12793,117.63099999999997
12794,350.5142000000001
12795,48.467
12796,117.64799999999998
12797,351.8691
12798,46.94500000000001
12799,112.11000000000001
12800,349.99920000000003
12801,46.644
12802,98.624
12803,348.32500000000005
12804,47.5
12805,110.71400000000001
12806,348.86260000000004
12807,46.525999999999996
12808,97.53099999999999
12809,343.99485
12810,40.167
12811,101.255
12812,342.81399999999996
12813,42.13
12814,102.05900000000001
12815,334.72729999999996
12816,45.142
12817,110.81999999999998
12818,340.10510000000005
12819,42.678999999999995
12820,112.13600000000001
12821,338.72610000000003
12822,46.678999999999995
12823,108.446
12824,336.4151
12825,46.619
12826,104.324
12827,339.9112
12828,47.028
12829,105.62899999999999
12830,326.97630000000004
12831,45.078
12832,101.848
12833,322.8141
12834,42.43000000000001
12835,99.67800000000001
12836,321.2852000000001
12837,44.473
12838,103.19200000000001
12839,329.168
12840,44.322
12841,110.06099999999996
12842,332.7990000000001
12843,44.479000000000006
12844,111.80300000000003
12845,337.88110000000006
12846,42.705
12847,113.994
12848,342.7782
12849,43.492000000000004
12850,117.351
12851,344.3592
12852,45.904
12853,106.205
12854,344.3922
12855,42.666
12856,118.0932
12857,338.27740000000006
12858,43.065
12859,119.66319999999999
12860,345.7562
12861,44.286
12862,119.91000000000001
12863,351.3492
12864,42.447
12865,120.484
12866,366.7396
12867,39.888000000000005
12868,121.47200000000001
12869,375.12399999999997
12870,40.298
12871,121.38199999999999
12872,376.746
12873,41.577
12874,122.73700000000001
12875,378.212
12876,42.747
12877,123.51320000000001
12878,382.854
12879,42.928000000000004
12880,125.06599999999999
12881,377.9384
12882,43.141999999999996
12883,126.46099999999998
12884,381.6447999999999
12885,43.846000000000004
12886,125.43499999999999
12887,383.61220000000003
12888,43.598
12889,125.74699999999999
12890,388.90700000000004
12891,43.773
12892,126.67999999999999
12893,389.781
12894,45.181
12895,126.94000999999999
12896,388.00699999999995
12897,45.03900000000001
12898,128.48001000000002
12899,387.105
12900,45.224000000000004
12901,130.11601
12902,390.49300000000005
12903,44.03
12904,131.87800999999996
12905,396.26300000000003
12906,45.009
12907,133.23200999999997
12908,390.14099999999996
12909,45.318000000000005
12910,133.57801
12911,391.256
12912,45.455
12913,129.991
12914,398.21700000000004
12915,45.087
12916,127.826
12917,394.3655
12918,45.197
12919,127.68699999999998
12920,391.0325
12921,43.92700000000001
12922,133.286
12923,396.1195
12924,43.636
12925,133.33599999999998
12926,398.5485
12927,43.355
12928,135.131
12929,395.2985
12930,41.91400000000001
12931,127.80999999999999
12932,400.07300000000004
12933,43.45200000000001
12934,127.91399999999999
12935,385.73400000000004
12936,42.97800000000001
12937,126.70800000000001
12938,387.555
12939,43.077999999999996
12940,123.93499999999999
12941,387.743
12942,43.096000000000004
12943,120.845
12944,388.268
12945,43.186
12946,122.70500000000001
12947,390.94300000000004
12948,42.501999999999995
12949,125.045
12950,391.75100000000003
12951,40.198
12952,125.30699999999999
12953,393.74750000000006
12954,42.077999999999996
12955,126.547
12956,395.12250000000006
12957,42.397999999999996
12958,130.997
12959,397.1955000000001
12960,42.888000000000005
12961,128.32399999999998
12962,396.8343
12963,42.641
12964,126.41999999999999
12965,396.2653
12966,43.36
12967,125.94499999999998
12968,393.3378
12969,43.796
12970,124.23299999999999
12971,392.93780000000004
12972,43.693
12973,121.10449999999999
12974,387.353
12975,41.212
12976,120.0225
12977,386.04600000000005
12978,42.307
12979,119.6345
12980,390.92199999999997
12981,41.452999999999996
12982,125.09549999999999
12983,391.2085000000001
12984,41.25599999999999
12985,124.76901000000001
12986,389.56949999999995
12987,40.5
12988,122.1905
12989,394.64549999999997
12990,38.691
12991,124.66099
12992,396.60749999999996
12993,38.788000000000004
12994,128.094
12995,398.5295
12996,42.147000000000006
12997,126.17699999999999
12998,398.47950000000003
12999,41.32899999999999
13000,125.575
13001,396.9785
13002,42.638
13003,125.08699999999999
13004,397.202
13005,42.73199999999999
13006,127.64398999999999
13007,396.99300000000005
13008,42.95
13009,130.31399
13010,395.6078
13011,42.741
13012,126.24100000000001
13013,394.6339999999999
13014,41.949999999999996
13015,126.603
13016,392.733
13017,43.160000000000004
13018,125.74100000000001
13019,392.4258
13020,42.885
13021,121.25849999999998
13022,391.27000000000004
13023,40.789
13024,129.22899999999998
13025,399.383
13026,43.89699999999999
13027,129.558
13028,402.79
13029,43.19199999999999
13030,129.15
13031,398.87649999999996
13032,43.849000000000004
13033,136.377
13034,400.5783
13035,44.825
13036,132.611
13037,406.701
13038,47.02300000000001
13039,134.509
13040,424.968
13041,46.746
13042,131.35899
13043,439.33989999999994
13044,50.07599999999999
13045,126.60400000000001
13046,437.9214
13047,49.878
13048,122.57150000000001
13049,432.826
13050,50.169
13051,128.193
13052,426.61899999999997
13053,50.888999999999996
13054,129.748
13055,427.3945
13056,47.82599999999999
13057,129.796
13058,424.78549999999996
13059,47.61999999999999
13060,125.109
13061,423.91849999999994
13062,47.8
13063,121.95400000000002
13064,423.77440000000007
13065,47.00500000000001
13066,125.477
13067,427.62999999999994
13068,47.928999999999995
13069,124.627
13070,426.573
13071,47.684999999999995
13072,124.569
13073,434.80199999999996
13074,48.202999999999996
13075,124.46399000000001
13076,430.9724
13077,47.919
13078,127.35799999999999
13079,428.02239999999995
13080,46.605
13081,132.247
13082,423.35300000000007
13083,49.299
13084,132.69201
13085,423.412
13086,48.125
13087,134.76
13088,424.3860000000001
13089,47.785
13090,133.45
13091,419.55600000000004
13092,47.02
13093,135.76
13094,428.77
13095,47.027
13096,135.91898999999998
13097,424.7799999999999
13098,46.685
13099,123.71600000000001
13100,427.44899999999996
13101,45.7241
13102,133.81900000000002
13103,427.12000000000006
13104,42.267
13105,130.837
13106,425.1450000000001
13107,43.666
13108,124.13199999999999
13109,425.58200000000005
13110,47.339000000000006
13111,123.95199999999997
13112,420.742
13113,47.648
13114,121.94200000000001
13115,421.38
13116,46.038
13117,127.249
13118,432.72880000000004
13119,46.899
13120,127.02000000000001
13121,430.61140000000006
13122,44.731
13123,124.63799999999999
13124,425.9019000000001
13125,44.52
13126,127.69500000000001
13127,416.62300000000005
13128,43.7
13129,126.03899999999999
13130,417.50600000000003
13131,44.11800000000001
13132,127.83399999999997
13133,422.5778
13134,46.177
13135,127.52399999999997
13136,427.2072
13137,46.257
13138,124.58999999999999
13139,426.08900000000006
13140,45.918
13141,125.55499999999999
13142,427.679
13143,44.713
13144,127.01400000000001
13145,429.53640000000007
13146,44.437
13147,122.809
13148,425.57199999999995
13149,43.964999999999996
13150,127.56199999999998
13151,428.42479999999995
13152,45.453
13153,123.67900000000002
13154,439.0982
13155,46.06400000000001
13156,126.973
13157,443.9593
13158,47.246
13159,125.2855
13160,449.826
13161,46.345000000000006
13162,127.90399
13163,448.91099999999994
13164,45.082
13165,128.322
13166,443.7219999999999
13167,44.827
13168,124.41300000000001
13169,446.79650000000004
13170,44.015
13171,118.48149999999998
13172,439.0599000000001
13173,43.251
13174,123.32249999999999
13175,438.5697
13176,43.281
13177,123.99600000000001
13178,445.50109999999995
13179,44.215999999999994
13180,124.5635
13181,442.86109999999996
13182,44.733999999999995
13183,125.3885
13184,439.7611
13185,44.622
13186,124.6505
13187,441.5179999999999
13188,45.053
13189,120.50351
13190,435.9374000000001
13191,44.125
13192,115.55050000000001
13193,438.03489999999994
13194,45.307
13195,123.58699999999999
13196,446.6433
13197,45.113
13198,124.821
13199,453.3735
13200,46.498999999999995
13201,123.575
13202,461.02259999999995
13203,46.132999999999996
13204,126.11198999999999
13205,461.2946
13206,47.143
13207,129.53099999999998
13208,463.06899999999996
13209,47.096000000000004
13210,131.019
13211,471.934
13212,47.015
13213,136.267
13214,492.10599999999994
13215,47.281000000000006
13216,133.62689
13217,496.61799999999994
13218,48.298
13219,125.69300000000001
13220,496.25999999999993
13221,45.63
13222,126.32869999999998
13223,493.37
13224,45.485
13225,126.11949999999999
13226,519.6457400000002
13227,44.106
13228,118.59850999999999
13229,522.0914
13230,43.926
13231,125.36350999999999
13232,521.7635699999998
13233,43.656
13234,122.09349999999999
13235,534.4179499999999
13236,45.263
13237,122.11901
13238,536.19395
13239,45.67399999999999
13240,118.109
13241,535.94495
13242,47.09500000000001
13243,117.88500000000002
13244,534.05702
13245,47.727
13246,112.53400000000002
13247,534.2306199999999
13248,47.55499999999999
13249,116.01500000000001
13250,534.2736199999999
13251,48.352000000000004
13252,115.396
13253,538.1509
13254,46.69
13255,114.742
13256,543.02104
13257,46.583000000000006
13258,118.92399999999998
13259,530.4146000000001
13260,46.979
13261,107.974
13262,526.84542
13263,45.86800000000001
13264,110.36500000000001
13265,522.42762
13266,45.3
13267,108.33500000000001
13268,523.83272
13269,45.44500000000001
13270,109.59299999999999
13271,519.77502
13272,45.715999999999994
13273,120.008
13274,522.9243199999999
13275,44.833999999999996
13276,118.68699999999998
13277,525.3493199999999
13278,46.655
13279,115.172
13280,526.8573399999999
13281,46.589
13282,113.835
13283,522.12927
13284,42.987
13285,92.279
13286,510.19104
13287,42.785999999999994
13288,99.59800000000001
13289,484.48499999999996
13290,43.721000000000004
13291,99.66700000000002
13292,472.424
13293,44.059000000000005
13294,111.477
13295,474.687
13296,43.373
13297,110.51399999999998
13298,485.89459999999997
13299,43.32
13300,115.64599999999999
13301,488.17089999999996
13302,42.954
13303,116.832
13304,482.27744999999993
13305,43.602999999999994
13306,105.54
13307,480.78125
13308,41.458999999999996
13309,110.60999999999999
13310,475.1844
13311,42.774
13312,103.65900000000002
13313,498.3982
13314,42.848
13315,101.44
13316,491.45109999999994
13317,42.644
13318,115.293
13319,480.32280000000003
13320,44.866
13321,112.335
13322,518.36142
13323,42.668
13324,112.074
13325,517.48652
13326,42.717999999999996
13327,118.06800000000001
13328,522.6557
13329,43.632
13330,121.2751
13331,517.5111
13332,43.197
13333,120.80210000000002
13334,516.1622
13335,45.313
13336,120.21
13337,523.4742
13338,46.183
13339,116.752
13340,526.0954399999999
13341,43.757
13342,114.99399999999999
13343,525.90879
13344,42.817
13345,116.1731
13346,537.2207900000001
13347,43.112
13348,115.03999999999999
13349,529.386
13350,43.355999999999995
13351,114.59099999999998
13352,541.0229000000002
13353,43.569
13354,116.553
13355,532.3819
13356,43.61600000000001
13357,114.686
13358,544.8939999999999
13359,43.221
13360,112.89499999999998
13361,529.6709800000001
13362,42.894999999999996
13363,108.83899999999998
13364,517.74215
13365,43.539
13366,109.106
13367,504.54089999999997
13368,44.22699999999999
13369,111.83600000000001
13370,511.69989999999996
13371,45.801
13372,106.522
13373,510.54722000000004
13374,46.556
13375,108.35999999999999
13376,522.6603
13377,47.034000000000006
13378,111.83000000000001
13379,522.71929
13380,45.607
13381,114.93499999999999
13382,526.45469
13383,44.098
13384,109.40799999999999
13385,531.65929
13386,45.674
13387,111.99299999999998
13388,531.51929
13389,47.85699999999999
13390,113.54099999999998
13391,541.8755
13392,47.286
13393,114.345
13394,548.9549
13395,47.625
13396,106.724
13397,553.2888999999999
13398,45.95799999999999
13399,111.28
13400,567.4185
13401,46.4
13402,115.00099999999998
13403,569.7414999999999
13404,49.632
13405,114.751
13406,587.8691999999999
13407,48.303
13408,119.40210000000002
13409,582.4440999999999
13410,48.242999999999995
13411,116.6881
13412,573.8111
13413,46.929
13414,122.43599999999999
13415,577.2631
13416,49.271
13417,122.3221
13418,596.092
13419,53.61899999999999
13420,116.47200000000001
13421,605.566
13422,54.00599999999999
13423,112.702
13424,610.229
13425,53.71
13426,118.172
13427,613.168
13428,53.16400000000001
13429,121.641
13430,617.1010000000001
13431,53.293099999999995
13432,122.4512
13433,633.4689999999999
13434,52.766999999999996
13435,123.506
13436,633.14
13437,52.61399999999999
13438,124.28899999999999
13439,636.755
13440,53.76500000000001
13441,122.6632
13442,637.758
13443,55.79299999999999
13444,124.36800000000001
13445,663.3252
13446,55.31902
13447,122.48500000000001
13448,663.899
13449,55.39701
13450,123.48901000000001
13451,667.4861999999999
13452,55.660000000000004
13453,119.46400000000001
13454,665.8871999999999
13455,53.995999999999995
13456,118.58800000000001
13457,675.7629999999999
13458,53.9
13459,115.67699999999999
13460,674.1157
13461,53.85
13462,112.53600000000002
13463,675.6940999999999
13464,53.097
13465,108.947
13466,675.7111000000001
13467,54.05901
13468,106.47200000000001
13469,639.4851000000001
13470,52.818000000000005
13471,116.15799999999999
13472,648.7536400000001
13473,54.364
13474,120.701
13475,676.6091
13476,54.158
13477,121.178
13478,679.5895999999999
13479,55.702
13480,119.60999999999999
13481,686.0887
13482,55.012
13483,121.28299999999999
13484,679.0615999999999
13485,55.42
13486,120.59699999999998
13487,684.9907
13488,53.357000000000006
13489,118.798
13490,678.6664999999999
13491,53.975
13492,120.299
13493,675.83
13494,55.31700000000001
13495,118.99899999999998
13496,681.4445
13497,55.26301000000001
13498,116.57649999999998
13499,680.9403999999998
13500,55.72701000000001
13501,116.9795
13502,679.3153
13503,53.693999999999996
13504,120.19500000000001
13505,678.2821000000001
13506,56.086
13507,121.06899999999999
13508,672.5711
13509,56.05899999999999
13510,120.94299999999998
13511,673.3942
13512,56.883
13513,114.7805
13514,664.579
13515,54.928999999999995
13516,114.67850000000001
13517,670.397
13518,55.334999999999994
13519,114.8015
13520,665.1924
13521,54.238
13522,110.15599999999999
13523,636.6995400000001
13524,54.427
13525,110.31299999999999
13526,637.5754
13527,55.516999999999996
13528,108.375
13529,639.12006
13530,57.161
13531,105.232
13532,655.6542000000001
13533,56.038
13534,102.32399999999998
13535,656.6384
13536,54.847
13537,105.28599999999999
13538,656.5494
13539,54.919
13540,102.88499999999999
13541,659.1972
13542,56.023
13543,101.916
13544,661.8012000000001
13545,56.031000000000006
13546,107.476
13547,663.0470000000001
13548,58.321000000000005
13549,102.71100000000001
13550,658.2669999999999
13551,58.33900000000001
13552,109.45500000000001
13553,664.0221
13554,59.498000000000005
13555,104.899
13556,656.886
13557,58.34100000000001
13558,100.90400000000001
13559,655.1962
13560,55.352999999999994
13561,102.973
13562,654.28626
13563,53.587
13564,100.30800000000002
13565,655.4593600000001
13566,55.392999999999994
13567,99.541
13568,627.2872500000001
13569,52.698
13570,97.18299999999998
13571,618.2937900000001
13572,50.724999999999994
13573,92.678
13574,612.63058
13575,51.221000000000004
13576,94.596
13577,614.65558
13578,51.789
13579,101.999
13580,618.60149
13581,51.846000000000004
13582,99.75300000000001
13583,623.2695999999999
13584,51.217000000000006
13585,102.42999999999999
13586,574.27894
13587,52.834
13588,92.994
13589,565.83594
13590,49.974000000000004
13591,96.28299999999999
13592,579.9799
13593,48.632999999999996
13594,95.28999999999999
13595,571.9529500000001
13596,49.312
13597,96.50299999999999
13598,562.70857
13599,49.163
13600,103.32300000000001
13601,578.8413800000001
13602,53.20300000000001
13603,102.124
13604,580.1683800000002
13605,54.39200000000001
13606,104.149
13607,579.7525400000001
13608,54.202999999999996
13609,94.03
13610,577.2679999999999
13611,51.41099999999999
13612,93.108
13613,585.591
13614,53.303
13615,98.17599999999999
13616,583.16895
13617,56.085
13618,97.57900000000001
13619,584.862
13620,55.995000000000005
13621,100.078
13622,570.0819499999999
13623,53.847
13624,99.792
13625,563.3124
13626,53.44599999999999
13627,100.66
13628,554.6443499999999
13629,51.564
13630,96.73599999999999
13631,548.17269
13632,49.77400000000001
13633,101.725
13634,522.7631399999999
13635,50.021
13636,98.391
13637,479.87299999999993
13638,49.24799999999999
13639,97.05199999999999
13640,474.21399999999994
13641,49.217999999999996
13642,95.93000000000002
13643,476.294
13644,48.209999999999994
13645,97.403
13646,485.81003999999996
13647,51.778999999999996
13648,98.372
13649,483.33004
13650,52.836
13651,97.593
13652,505.02529999999996
13653,54.416999999999994
13654,97.96400000000001
13655,520.8807899999999
13656,54.56600000000001
13657,95.733
13658,524.2555699999999
13659,53.95
13660,95.50500000000001
13661,537.03083
13662,53.76700000000001
13663,94.24100000000001
13664,537.2561000000001
13665,51.746
13666,96.02400000000002
13667,537.1655
13668,52.183000000000014
13669,100.823
13670,564.4237400000001
13671,53.33800000000001
13672,99.122
13673,569.41587
13674,51.836
13675,101.16499999999999
13676,567.99521
13677,49.763999999999996
13678,100.998
13679,577.4353299999999
13680,53.60600000000001
13681,101.49300000000001
13682,577.5067700000001
13683,53.59799999999999
13684,105.05199999999999
13685,575.82777
13686,53.926
13687,106.87700000000002
13688,576.65977
13689,53.88000000000001
13690,105.446
13691,573.27523
13692,50.631
13693,101.44300000000001
13694,573.5012300000001
13695,52.36400000000001
13696,100.679
13697,577.95404
13698,53.452999999999996
13699,100.954
13700,576.2325
13701,54.007000000000005
13702,106.55
13703,579.60754
13704,54.03499999999999
13705,108.633
13706,576.7505000000001
13707,56.102
13708,106.907
13709,573.5051
13710,55.855
13711,107.30699999999999
13712,571.18529
13713,55.59100000000001
13714,109.31599999999999
13715,578.6661
13716,55.595000000000006
13717,107.627
13718,578.3465000000001
13719,53.54200000000001
13720,106.11500000000001
13721,560.24978
13722,54.17999999999999
13723,106.925
13724,564.41609
13725,54.51700000000001
13726,106.94500000000001
13727,570.65743
13728,54.001
13729,108.184
13730,567.75043
13731,55.892999999999994
13732,107.78800000000001
13733,583.5076
13734,53.63099999999999
13735,111.90299999999999
13736,590.7299999999999
13737,56.36
13738,111.30499999999998
13739,592.2280999999999
13740,56.12250000000002
13741,111.06699999999998
13742,598.0291
13743,56.229000000000006
13744,111.002
13745,583.63754
13746,56.790000000000006
13747,112.96700000000001
13748,579.87454
13749,56.83900000000001
13750,110.454
13751,581.353
13752,53.86099999999999
13753,113.521
13754,587.0829999999999
13755,54.94000000000001
13756,110.724
13757,579.6189999999999
13758,53.568999999999996
13759,109.94300000000001
13760,576.6731900000001
13761,54.025999999999996
13762,110.367
13763,580.30119
13764,54.235
13765,112.075
13766,581.1291900000001
13767,54.903009999999995
13768,114.023
13769,607.59823
13770,56.271
13771,116.34100000000001
13772,612.61
13773,56.91600000000001
13774,111.16499999999999
13775,620.1569999999999
13776,56.516000000000005
13777,101.70500000000001
13778,641.2792
13779,57.052
13780,102.331
13781,630.0111999999999
13782,58.18500000000002
13783,100.73
13784,633.0775600000001
13785,54.57899999999999
13786,100.117
13787,622.9473599999999
13788,54.55500000000001
13789,99.96700000000001
13790,605.47436
13791,51.475
13792,100.94200000000001
13793,605.30936
13794,51.974000000000004
13795,102.96600000000001
13796,627.2160799999999
13797,50.260999999999996
13798,94.573
13799,621.09352
13800,49.782
13801,94.16000000000001
13802,608.6021600000001
13803,45.611000000000004
13804,93.04
13805,648.4278499999999
13806,47.487
13807,90.07400000000001
13808,657.3206
13809,48.169000000000004
13810,91.34
13811,673.2065
13812,48.37
13813,90.14099999999999
13814,668.9693
13815,48.852999999999994
13816,90.285
13817,665.6209999999999
13818,48.14199999999999
13819,88.748
13820,676.5679000000001
13821,51.508
13822,88.748
13823,676.3099000000001
13824,48.432
13825,89.09100000000001
13826,684.4013
13827,53.38499999999999
13828,88.466
13829,679.4851000000001
13830,51.085
13831,88.101
13832,686.8148
13833,53.693000000000005
13834,88.78299999999999
13835,675.6069
13836,51.487
13837,94.06800000000001
13838,681.0228000000001
13839,53.91799999999999
13840,94.172
13841,679.9533
13842,50.58899999999999
13843,97.04400000000001
13844,679.9533
13845,51.165000000000006
13846,96.39200000000001
13847,679.2664
13848,48.513999999999996
13849,99.75999999999999
13850,678.2313000000001
13851,49.317
13852,98.498
13853,676.7113
13854,47.89
13855,99.045
13856,675.6881000000001
13857,53.26400000000001
13858,99.296
13859,677.4261
13860,53.938
13861,99.25
13862,684.1583
13863,53.198
13864,102.119
13865,679.3726000000001
13866,53.354
13867,104.65
13868,684.81
13869,53.887
13870,96.655
13871,676.5267000000001
13872,53.95799999999999
13873,98.78399999999999
13874,686.3085
13875,53.174000000000014
13876,98.537
13877,684.24
13878,51.84400000000001
13879,99.849
13880,679.6973
13881,52.063
13882,100.126
13883,676.4765000000001
13884,52.396
13885,100.28299999999999
13886,673.3823
13887,51.118
13888,101.33500000000001
13889,675.4043
13890,51.69
13891,99.617
13892,678.6065
13893,52.109
13894,94.95899999999999
13895,678.7229999999998
13896,49.486000000000004
13897,98.979
13898,679.7189999999999
13899,48.852999999999994
13900,93.916
13901,675.4595000000002
13902,48.00899999999999
13903,97.32100000000001
13904,675.8639999999999
13905,45.678
13906,92.376
13907,668.017
13908,49.333999999999996
13909,92.376
13910,668.6555000000001
13911,47.777
13912,93.95499999999998
13913,667.5271
13914,52.682
13915,94.24799999999999
13916,667.3665
13917,52.071000000000005
13918,101.577
13919,670.9612
13920,53.9
13921,102.142
13922,666.3475000000001
13923,48.616
13924,89.26199999999999
13925,668.8099
13926,47.605
13927,91.66699999999999
13928,663.5368599999999
13929,48.565000000000005
13930,91.428
13931,661.5433
13932,50.849000000000004
13933,95.79599999999999
13934,664.4733000000001
13935,52.98
13936,97.069
13937,670.6527
13938,53.879999999999995
13939,97.083
13940,669.9254
13941,53.379
13942,97.797
13943,668.7782
13944,53.257000000000005
13945,98.62
13946,668.7782
13947,53.00300000000001
13948,99.3
13949,668.7782
13950,53.3
13951,98.535
13952,669.1344
13953,52.96
13954,99.388
13955,664.4773
13956,54.023
13957,100.321
13958,668.5044
13959,54.138
13960,101.24100000000001
13961,667.3572000000001
13962,54.73401
13963,100.92300000000002
13964,669.8375
13965,55.559010000000015
13966,100.80100000000002
13967,671.4514999999999
13968,55.59102
13969,101.516
13970,671.5835
13971,52.60699999999999
13972,104.439
13973,668.2493000000001
13974,56.48900999999999
13975,101.559
13976,671.8462999999999
13977,56.464
13978,97.97900000000001
13979,674.6253
13980,56.277
13981,94.395
13982,675.7094999999999
13983,56.467
13984,90.53200000000001
13985,676.6744999999999
13986,57.492
13987,108.69899000000001
13988,678.3094999999998
13989,55.839
13990,107.91300000000001
13991,687.7744999999999
13992,55.467000000000006
13993,108.75900000000001
13994,675.5815
13995,57.092
13996,109.393
13997,680.8632
13998,56.58
13999,104.832
14000,671.5455000000001
14001,57.038
14002,107.898
14003,676.078
14004,57.669000000000004
14005,111.126
14006,671.347
14007,58.681990000000006
14008,110.13
14009,678.8045
14010,59.515
14011,109.407
14012,678.4435
14013,58.39799999999999
14014,111.96900000000001
14015,683.0105
14016,59.52499999999999
14017,110.03000000000002
14018,683.0105
14019,59.267999999999994
14020,108.83400000000002
14021,683.0105
14022,59.452
14023,108.87899999999999
14024,679.3317
14025,57.590999999999994
14026,111.58600000000001
14027,675.9147
14028,59.205999999999996
14029,111.276
14030,674.0395000000001
14031,57.61
14032,111.01700000000001
14033,675.4455
14034,57.15200000000001
14035,111.263
14036,676.7330999999999
14037,56.96500000000001
14038,110.41199999999999
14039,676.669
14040,56.799
14041,106.532
14042,677.044
14043,57.544000000000004
14044,108.56499999999998
14045,672.9599000000001
14046,58.06015
14047,104.56299999999999
14048,669.5975000000001
14049,57.67100000000001
14050,103.494
14051,667.4925000000001
14052,57.67100000000001
14053,103.16300000000001
14054,669.7773
14055,57.819
14056,104.68800000000002
14057,662.4157000000001
14058,57.028
14059,105.48800000000001
14060,660.1947000000001
14061,56.545
14062,103.54400000000001
14063,659.1499
14064,57.05
14065,102.641
14066,660.2237
14067,56.15
14068,113.85298000000003
14069,662.7645000000001
14070,56.67199999999999
14071,111.66299
14072,668.5967
14073,56.931
14074,112.44999
14075,664.0295
14076,57.30999999999999
14077,103.60999999999999
14078,662.6285
14079,56.45899999999999
14080,98.54299999999999
14081,665.23006
14082,55.13099999999999
14083,101.96400000000001
14084,666.83386
14085,54.624
14086,112.88699000000001
14087,665.4385
14088,55.33299999999999
14089,114.79298999999999
14090,665.4385
14091,55.10999999999999
14092,113.614
14093,664.28675
14094,56.887
14095,117.774
14096,664.6383000000002
14097,57.46600000000001
14098,113.242
14099,662.0685000000001
14100,55.638999999999996
14101,114.43199999999999
14102,660.2237
14103,56.426
14104,114.03999999999999
14105,667.9457
14106,57.89200000000001
14107,114.46899999999998
14108,669.9092
14109,59.559000000000005
14110,114.775
14111,668.7782
14112,57.565
14113,113.755
14114,664.0795
14115,56.30200000000001
14116,113.138
14117,666.9702599999999
14118,56.89000000000001
14119,113.97999999999999
14120,668.7209
14121,58.04600000000001
14122,113.49999999999997
14123,675.5083999999999
14124,57.718
14125,113.745
14126,676.2357
14127,57.73
14128,115.45700000000002
14129,680.8355
14130,57.022000000000006
14131,117.54100000000001
14132,676.7283
14133,56.714
14134,116.064
14135,681.9597
14136,57.391999999999996
14137,120.973
14138,677.4861000000001
14139,57.968
14140,118.482
14141,673.3501000000001
14142,57.927
14143,121.1771
14144,677.6173000000001
14145,59.44199999999999
14146,116.93709999999999
14147,677.2023
14148,57.30899999999999
14149,119.53799999999998
14150,677.9003
14151,55.251999999999995
14152,117.93499999999999
14153,678.8902999999999
14154,55.972
14155,118.671
14156,676.5543000000001
14157,57.021
14158,117.154
14159,679.5253
14160,56.82899999999999
14161,119.976
14162,679.5253
14163,57.257999999999996
14164,119.44200000000001
14165,679.0775000000001
14166,56.99100000000001
14167,117.918
14168,680.1800000000001
14169,57.831999999999994
14170,119.14200000000002
14171,681.4203
14172,60.98979999999999
14173,121.04099999999998
14174,689.9801
14175,62.259800000000006
14176,121.646
14177,683.0639
14178,62.541
14179,116.97749999999999
14180,682.1850000000001
14181,62.949
14182,115.73049999999998
14183,679.3185000000001
14184,59.319
14185,115.30799999999999
14186,674.9309999999999
14187,59.178999999999995
14188,114.982
14189,656.5005000000001
14190,60.13300000000002
14191,113.48299999999999
14192,656.3145000000002
14193,59.83600000000001
14194,111.022
14195,656.0615000000001
14196,59.019000000000005
14197,101.83900000000001
14198,658.2545000000001
14199,59.29200000000001
14200,98.80799999999999
14201,659.3635000000002
14202,56.73699999999999
14203,110.525
14204,661.7175000000001
14205,61.321000000000005
14206,113.84700000000001
14207,664.0276000000001
14208,61.321000000000005
14209,110.80600000000001
14210,660.50586
14211,59.807
14212,106.43299999999999
14213,664.0276000000001
14214,57.254999999999995
14215,107.225
14216,666.4715
14217,57.81199999999999
14218,105.78099999999999
14219,666.26286
14220,57.595000000000006
14221,105.46700000000001
14222,662.0965
14223,58.109
14224,114.15598999999997
14225,661.86286
14226,58.751999999999995
14227,111.673
14228,664.2413
14229,59.4138
14230,112.373
14231,664.5885000000001
14232,58.96600000000001
14233,112.29099999999998
14234,664.77
14235,60.476
14236,113.17399999999998
14237,668.5462
14238,62.818000000000005
14239,110.255
14240,659.4685000000001
14241,58.48600000000001
14242,113.96399999999998
14243,666.0567000000001
14244,59.122
14245,112.16600000000001
14246,661.0960600000001
14247,58.697
14248,109.322
14249,661.87
14250,60.126999999999995
14251,111.02499999999998
14252,663.63156
14253,58.842000000000006
14254,107.102
14255,662.8890000000001
14256,56.862
14257,106.924
14258,662.4645
14259,57.73499999999999
14260,105.26100000000001
14261,661.1438
14262,59.58699999999999
14263,107.748
14264,664.4733000000001
14265,59.775
14266,115.33798999999999
14267,661.7753000000001
14268,61.33400000000002
14269,115.471
14270,665.0020000000001
14271,61.992999999999995
14272,116.675
14273,662.8695
14274,62.96500000000001
14275,113.25699999999999
14276,656.2677000000001
14277,63.55
14278,120.48200000000001
14279,660.1223600000001
14280,63.722
14281,119.727
14282,664.1625000000001
14283,64.26599999999999
14284,119.7
14285,663.9259999999999
14286,63.894000000000005
14287,119.04299999999998
14288,663.9259999999999
14289,62.649
14290,118.09199999999998
14291,664.5403600000001
14292,66.545
14293,118.393
14294,664.5665000000001
14295,65.66499999999999
14296,119.46499999999999
14297,664.4733000000001
14298,65.204
14299,113.782
14300,663.3195000000001
14301,64.73299999999999
14302,116.00999999999999
14303,659.3517
14304,62.71600000000001
14305,116.65
14306,659.23386
14307,63.75901
14308,117.05699999999999
14309,664.4405000000002
14310,63.334999999999994
14311,117.51699999999998
14312,660.4565
14313,63.326
14314,113.99501000000001
14315,664.01086
14316,63.114999999999995
14317,117.20250000000001
14318,666.7595
14319,63.345000000000006
14320,116.2655
14321,664.3105
14322,62.267999999999994
14323,117.327
14324,669.15186
14325,62.286
14326,120.525
14327,671.6015000000001
14328,63.33699999999999
14329,123.1951
14330,670.8342
14331,62.602
14332,124.63499999999999
14333,672.3811999999999
14334,61.79200000000001
14335,123.23299999999999
14336,667.7334
14337,65.619
14338,122.39799999999998
14339,669.97556
14340,61.922000000000004
14341,122.1
14342,667.9872
14343,62.008
14344,123.68800000000002
14345,663.8699
14346,60.94
14347,120.28800000000001
14348,664.5894999999999
14349,60.871
14350,121.505
14351,664.9131999999998
14352,61.426
14353,123.03799999999998
14354,669.8545
14355,62.647000000000006
14356,124.2752
14357,684.3245
14358,64.54599999999999
14359,123.325
14360,677.1804999999999
14361,65.154
14362,125.44500000000001
14363,684.9
14364,64.807
14365,124.359
14366,680.3048000000001
14367,66.534
14368,124.31389999999999
14369,675.5469
14370,67.689
14371,124.3982
14372,676.0338
14373,66.26599999999999
14374,121.5232
14375,674.6168
14376,63.095000000000006
14377,127.61801
14378,677.9191000000001
14379,64.398
14380,126.14000999999999
14381,684.0215
14382,63.67100000000001
14383,128.28701
14384,677.6495
14385,64.19300000000001
14386,130.48701
14387,678.4274999999999
14388,63.86
14389,131.034
14390,677.6560000000001
14391,63.807
14392,130.78600999999998
14393,678.721
14394,63.235000000000014
14395,131.63401
14396,679.6910999999999
14397,65.672
14398,131.90801
14399,683.7511
14400,63.254000000000005
14401,132.79299999999998
14402,681.338
14403,67.03999999999999
14404,137.63899999999998
14405,681.4026
14406,66.24100000000001
14407,138.827
14408,687.293
14409,66.15700000000001
14410,139.73899999999998
14411,686.362
14412,63.739999999999995
14413,140.002
14414,681.9269999999999
14415,64.453
14416,139.84300000000002
14417,676.7801999999999
14418,64.816
14419,141.29
14420,675.8412000000001
14421,65.369
14422,139.43299000000002
14423,671.2295000000001
14424,64.196
14425,140.01000000000002
14426,668.6052000000001
14427,65.11999999999999
14428,140.00699
14429,668.6052000000001
14430,63.701
14431,142.256
14432,669.5023000000001
14433,60.885000000000005
14434,142.71008999999998
14435,669.0545000000001
14436,67.767
14437,142.77098999999998
14438,671.2255000000001
14439,63.746
14440,144.7761
14441,672.3443
14442,65.005
14443,143.231
14444,674.3205
14445,65.168
14446,143.67599
14447,675.4161
14448,64.92699999999999
14449,139.53598000000002
14450,671.4255
14451,68.32499999999999
14452,141.14197
14453,671.9993000000001
14454,68.35799999999999
14455,142.69798
14456,674.8915000000001
14457,66.52700000000002
14458,142.69798
14459,668.9405
14460,63.202
14461,139.98198
14462,668.5535000000001
14463,64.113
14464,144.151
14465,673.3627
14466,64.508
14467,145.20800000000003
14468,672.5587
14469,64.413
14470,145.2921
14471,675.8243
14472,65.31700000000002
14473,145.61509999999998
14474,680.8884999999999
14475,65.58500000000001
14476,139.4581
14477,666.5657000000001
14478,63.864
14479,145.4231
14480,666.6675
14481,65.636
14482,140.1311
14483,664.4745
14484,64.777
14485,136.73508999999999
14486,666.2075000000001
14487,66.026
14488,137.96108999999998
14489,666.9988599999999
14490,65.90899999999999
14491,146.6471
14492,662.0685000000001
14493,66.5796
14494,147.1421
14495,671.2615000000001
14496,68.372
14497,147.55309
14498,670.8342
14499,67.738
14500,147.433
14501,670.8453999999999
14502,67.619
14503,147.626
14504,669.1344
14505,64.94500000000001
14506,147.02199000000002
14507,667.7552000000001
14508,65.638
14509,143.085
14510,668.7307
14511,64.828
14512,143.144
14513,669.3017000000001
14514,65.19901
14515,143.133
14516,669.1004
14517,65.02000000000001
14518,138.685
14519,668.3900000000001
14520,64.62901
14521,139.626
14522,674.3765000000001
14523,64.386
14524,138.108
14525,673.5770000000001
14526,64.874
14527,138.29199999999997
14528,676.2570000000001
14529,65.13900000000001
14530,135.975
14531,679.0028000000001
14532,65.402
14533,135.252
14534,675.5431000000001
14535,64.998
14536,134.66000000000003
14537,676.6553000000001
14538,64.94399999999999
14539,138.93
14540,674.5791000000002
14541,64.38699999999999
14542,137.73499999999999
14543,676.0685
14544,67.614
14545,145.996
14546,675.6893
14547,68.959
14548,146.038
14549,677.6983
14550,69.74799999999999
14551,142.552
14552,676.3355000000001
14553,68.449
14554,142.94
14555,683.1880000000001
14556,68.18199999999999
14557,141.089
14558,675.5297
14559,68.252
14560,147.475
14561,678.0497
14562,69.477
14563,152.89437999999998
14564,677.4215
14565,72.87100000000001
14566,148.78928000000002
14567,675.6795
14568,72.303
14569,147.1538
14570,673.4105000000001
14571,71.267
14572,150.2689
14573,671.6015000000001
14574,71.667
14575,153.0147
14576,687.2465
14577,72.15
14578,153.7569
14579,680.6593
14580,71.92
14581,155.74228
14582,674.8441
14583,71.85199999999999
14584,156.45947999999999
14585,676.2775
14586,68.428
14587,157.9626
14588,683.4755
14589,67.722
14590,158.35949999999997
14591,673.3351000000001
14592,69.68000000000002
14593,158.98659999999998
14594,683.278
14595,71.13999999999999
14596,156.68
14597,673.7515000000001
14598,67.376
14599,155.66900000000004
14600,675.7305000000001
14601,68.43100000000001
14602,156.534
14603,676.5586999999999
14604,68.75200000000001
14605,156.156
14606,684.7185000000001
14607,69.27799999999999
14608,158.606
14609,683.3792000000001
14610,68.75699999999999
14611,156.6389
14612,687.63
14613,69.63199999999999
14614,155.895
14615,681.3711999999999
14616,69.96
14617,155.263
14618,682.9317
14619,70.638
14620,154.473
14621,680.0355000000001
14622,70.991
14623,151.918
14624,681.6345
14625,71.76499999999999
14626,154.241
14627,679.1285
14628,71.815
14629,156.99099999999999
14630,683.0453
14631,72.05799999999999
14632,156.483
14633,685.3953
14634,72.18499
14635,157.6759
14636,675.7983000000002
14637,72.01097999999999
14638,157.05800000000002
14639,677.8713
14640,71.45799
14641,156.16079
14642,673.8201000000001
14643,70.96198999999999
14644,153.764
14645,677.7623000000001
14646,69.857
14647,150.64100000000002
14648,678.2843
14649,68.872
14650,153.72500000000002
14651,678.3545
14652,70.14999999999999
14653,149.5192
14654,678.3973000000001
14655,69.693
14656,139.716
14657,678.9895
14658,69.066
14659,138.42000000000002
14660,677.5534999999999
14661,70.28999999999999
14662,138.63
14663,678.9155000000001
14664,70.953
14665,138.518
14666,677.2275
14667,70.507
14668,137.42000000000002
14669,672.5793000000001
14670,70.949
14671,139.824
14672,674.3245
14673,70.131
14674,140.481
14675,673.6345
14676,72.85799999999999
14677,139.188
14678,673.6405000000002
14679,71.16
14680,139.61399999999998
14681,664.1750000000001
14682,68.364
14683,135.94099999999997
14684,664.1750000000001
14685,68.34000000000002
14686,135.709
14687,670.03
14688,68.096
14689,136.376
14690,669.8375
14691,67.602
14692,137.29
14693,658.5565000000001
14694,66.259
14695,137.505
14696,664.3105
14697,68.607
14698,134.908
14699,657.9675000000001
14700,68.898
14701,134.939
14702,658.6548600000001
14703,69.895
14704,137.346
14705,661.9147
14706,70.57299000000002
14707,145.82700000000003
14708,667.9547
14709,72.087
14710,145.143
14711,670.7533999999999
14712,71.38700000000001
14713,149.22700000000003
14714,665.9045000000001
14715,73.129
14716,150.79880000000003
14717,666.4046999999999
14718,72.85300000000001
14719,150.3388
14720,670.1437
14721,72.111
14722,150.40828000000002
14723,668.5967
14724,72.354
14725,152.96738
14726,670.6527
14727,74.364
14728,153.52128
14729,669.6297
14730,75.091
14731,151.22658
14732,662.49466
14733,73.577
14734,154.0039
14735,667.92806
14736,71.65299999999999
14737,156.956
14738,673.3367
14739,74.422
14740,157.44490000000002
14741,675.9892
14742,73.74600000000001
14743,155.49058
14744,670.7817000000001
14745,68.373
14746,154.48219999999998
14747,672.7500000000001
14748,68.97
14749,149.8532
14750,676.6854999999998
14751,69.014
14752,154.42700000000002
14753,677.3184999999999
14754,68.53200000000001
14755,157.155
14756,677.6495
14757,69.39498999999999
14758,157.465
14759,676.8845000000001
14760,67.163
14761,160.5029
14762,677.6560000000001
14763,67.804
14764,161.25019999999998
14765,672.452
14766,68.674
14767,159.8706
14768,669.5347500000001
14769,68.334
14770,160.4206
14771,667.9453599999999
14772,69.123
14773,163.442
14774,668.7168599999998
14775,68.35999
14776,159.619
14777,661.9530000000001
14778,69.117
14779,159.6309
14780,656.75586
14781,73.896
14782,164.1889
14783,664.4733000000001
14784,72.876
14785,166.921
14786,660.4565
14787,75.21300000000001
14788,163.39119
14789,660.45406
14790,71.849
14791,158.192
14792,663.9372000000001
14793,68.756
14794,157.487
14795,663.0918600000001
14796,68.078
14797,158.30900000000003
14798,661.8423600000001
14799,72.52700000000002
14800,159.954
14801,664.5665000000001
14802,72.35700000000001
14803,162.15199999999996
14804,662.80486
14805,69.213
14806,165.24699999999999
14807,663.6025000000001
14808,73.58499
14809,162.78799999999995
14810,664.8085
14811,71.81800000000001
14812,163.636
14813,659.2423
14814,73.105
14815,166.923
14816,660.7433000000001
14817,74.28200000000001
14818,167.80599999999998
14819,668.5967
14820,76.052
14821,168.04999999999998
14822,670.8342
14823,74.003
14824,167.23899999999998
14825,663.15206
14826,71.652
14827,166.11999999999998
14828,661.4457
14829,71.147
14830,167.029
14831,665.5817
14832,74.344
14833,162.2025
14834,660.74886
14835,74.304
14836,164.10199999999998
14837,664.2108599999999
14838,75.91499999999999
14839,165.11700000000002
14840,670.3055
14841,74.349
14842,164.83200000000002
14843,670.8342
14844,75.91199999999999
14845,164.184
14846,664.8205
14847,72.969
14848,164.184
14849,663.5017
14850,75.79599999999998
14851,164.184
14852,663.16326
14853,72.969
14854,164.184
14855,661.6775
14856,74.73499999999999
14857,158.524
14858,665.4027
14859,71.94
14860,155.514
14861,664.3105
14862,69.14099999999999
14863,154.8112
14864,664.3105
14865,70.18399
14866,148.4652
14867,664.4755000000001
14868,69.74799
14869,153.57420000000002
14870,669.089
14871,67.43599999999999
14872,156.18
14873,662.2555
14874,69.638
14875,155.807
14876,654.9155000000001
14877,69.348
14878,155.69490000000002
14879,659.2055000000001
14880,74.636
14881,155.92138
14882,659.5527000000001
14883,75.43500000000002
14884,155.31437999999997
14885,660.0037
14886,73.748
14887,153.92847999999998
14888,658.2585
14889,76.18
14890,156.3009
14891,668.5967
14892,75.8
14893,155.95699999999997
14894,668.7782
14895,75.798
14896,158.27589000000003
14897,670.6639
14898,75.86299999999999
14899,159.96280000000002
14900,664.8205
14901,76.98299999999999
14902,156.56679
14903,667.6377
14904,76.982
14905,155.4109
14906,666.0550599999999
14907,77.08699999999999
14908,156.77089999999998
14909,668.5967
14910,78.05499
14911,158.93800000000002
14912,668.5967
14913,78.11799
14914,162.65900000000002
14915,668.5096999999998
14916,78.31300000000002
14917,162.4689
14918,663.79206
14919,77.526
14920,160.43400000000003
14921,664.79556
14922,77.047
14923,160.906
14924,665.894
14925,78.682
14926,160.366
14927,663.893
14928,78.87899000000002
14929,160.366
14930,668.3140000000001
14931,82.84100000000001
14932,160.38400000000001
14933,671.1065000000001
14934,80.593
14935,161.029
14936,670.1425000000002
14937,81.104
14938,165.33999999999997
14939,681.0235
14940,81.31299999999999
14941,161.63499999999996
14942,677.1547
14943,84.33899999999998
14944,172.39600000000002
14945,682.9963
14946,81.62089999999999
14947,172.021
14948,683.6058
14949,81.8229
14950,168.821
14951,676.3213000000001
14952,83.01450000000001
14953,176.24600000000004
14954,679.4003
14955,80.457
14956,175.416
14957,681.9422999999999
14958,80.555
14959,167.90299999999996
14960,679.0061000000001
14961,81.66100000000002
14962,167.848
14963,682.7613
14964,81.262
14965,166.51
14966,680.7831000000001
14967,83.9425
14968,165.789
14969,676.1493
14970,83.50999999999999
14971,169.695
14972,677.5643
14973,84.14500000000001
14974,171.276
14975,677.2723000000001
14976,83.59700000000001
14977,169.92400000000004
14978,678.0283000000001
14979,82.37900000000002
14980,170.79900000000004
14981,679.1543
14982,83.026
14983,167.08200000000002
14984,676.4691000000001
14985,81.701
14986,167.783
14987,673.5653000000001
14988,81.556
14989,172.237
14990,682.9585
14991,83.82
14992,169.241
14993,682.1893
14994,83.516
14995,173.901
14996,685.5719999999999
14997,83.106
14998,174.553
14999,677.7996
15000,84.568
15001,173.84879999999998
15002,674.1769000000002
15003,86.915
15004,169.966
15005,673.0163000000001
15006,82.367
15007,173.013
15008,675.0293
15009,85.02499999999999
15010,169.824
15011,677.1163
15012,84.44999999999999
15013,170.19400000000002
15014,677.1163
15015,82.48999999999998
15016,170.469
15017,677.7513
15018,76.666
15019,167.067
15020,678.3973000000002
15021,77.168
15022,167.998
15023,678.3973000000002
15024,77.59700000000001
15025,167.223
15026,675.6881000000001
15027,79.04999999999998
15028,171.32119000000003
15029,677.3996000000001
15030,81.967
15031,173.36418999999998
15032,677.1438
15033,82.86999999999999
15034,173.67000000000002
15035,679.8270000000001
15036,85.10199999999999
15037,173.26299999999998
15038,681.4775
15039,81.669
15040,177.411
15041,683.4245
15042,84.565
15043,177.411
15044,682.7205000000001
15045,83.95599999999999
15046,173.6518
15047,682.2583000000001
15048,81.965
15049,171.98200000000003
15050,676.4463000000002
15051,88.518
15052,170.931
15053,672.7245
15054,88.59
15055,171.17000000000002
15056,670.7855000000001
15057,86.877
15058,172.41500000000002
15059,674.3477
15060,86.73200000000001
15061,169.15500000000003
15062,666.9373
15063,86.90500000000002
15064,171.30700000000002
15065,669.7123000000001
15066,87.101
15067,167.84
15068,667.7185000000002
15069,87.67699999999999
15070,174.45719000000003
15071,667.0920000000001
15072,87.16400000000002
15073,170.03000000000003
15074,673.2837000000001
15075,88.95
15076,173.18699999999998
15077,675.7242
15078,88.89500000000001
15079,177.21300000000002
15080,674.5932
15081,88.83
15082,174.07800000000003
15083,675.2822
15084,89.61600000000001
15085,174.136
15086,680.226
15087,89.94800000000001
15088,175.359
15089,676.77
15090,88.59700000000001
15091,175.58
15092,680.074
15093,88.71099999999998
15094,180.055
15095,682.836
15096,91.441
15097,175.51399999999998
15098,675.9685000000001
15099,90.73599999999999
15100,179.99200000000002
15101,674.3785
15102,92.726
15103,186.47900000000004
15104,675.3631000000001
15105,92.726
15106,180.983
15107,676.0593000000001
15108,92.08300000000001
15109,177.801
15110,681.6083000000001
15111,93.561
15112,176.045
15113,685.4125
15114,93.16299
15115,175.473
15116,673.8491000000001
15117,91.96298999999999
15118,174.07599999999996
15119,679.0061000000001
15120,92.76498999999998
15121,170.84
15122,684.2595
15123,94.08698999999999
15124,166.983
15125,684.0048
15126,94.41
15127,160.446
15128,684.2
15129,92.79400000000001
15130,164.031
15131,685.5685
15132,94.892
15133,164.34099999999998
15134,676.3903000000001
15135,92.247
15136,163.025
15137,677.6673000000001
15138,93.042
15139,157.4355
15140,675.5993000000001
15141,88.924
15142,152.74050000000003
15143,676.6401
15144,91.4488
15145,157.96300000000002
15146,677.7453000000002
15147,89.482
15148,155.608
15149,677.2443000000001
15150,88.91299999999998
15151,155.35400000000004
15152,679.4373000000002
15153,87.14899999999999
15154,157.78400000000002
15155,679.4373000000002
15156,90.03400000000002
15157,160.675
15158,676.6521
15159,90.60600000000001
15160,163.891
15161,681.7729999999999
15162,89.33237999999999
15163,174.349
15164,684.5415
15165,90.40937999999998
15166,173.812
15167,685.5793000000001
15168,91.12438
15169,175.78999999999996
15170,683.8198
15171,92.01638
15172,175.837
15173,686.3358000000001
15174,91.537
15175,172.11000000000004
15176,683.6803000000001
15177,91.12180000000001
15178,174.67300000000003
15179,686.3534999999999
15180,93.55800000000002
15181,178.70399999999998
15182,685.8585
15183,93.672
15184,183.296
15185,682.3821
15186,93.88500000000002
15187,180.166
15188,679.9151
15189,92.777
15190,174.565
15191,674.9093
15192,92.955
15193,175.297
15194,678.4933
15195,91.11599999999999
15196,175.86599999999999
15197,687.2194999999999
15198,91.35100000000001
15199,177.41828
15200,685.2393
15201,93.3468
15202,173.68400000000003
15203,690.1745
15204,93.701
15205,176.515
15206,691.9125
15207,94.56200000000001
15208,182.348
15209,691.9125
15210,97.88600000000001
15211,185.203
15212,686.5173000000001
15213,97.90200000000002
15214,182.68901
15215,678.1738
15216,94.03100000000002
15217,182.81500999999997
15218,674.7475000000001
15219,91.497
15220,179.99401
15221,675.4043
15222,92.78100000000002
15223,178.50601
15224,676.9733
15225,93.70300000000002
15226,174.725
15227,676.9733
15228,92.28500000000001
15229,172.61899999999997
15230,676.7481
15231,90.769
15232,168.81
15233,676.4861000000001
15234,90.474
15235,165.23399999999998
15236,678.3723
15237,89.36200000000001
15238,163.46599999999998
15239,678.3723
15240,88.814
15241,165.496
15242,679.4373000000002
15243,92.35800000000002
15244,166.31400000000002
15245,671.3193000000001
15246,89.506
15247,163.65099999999998
15248,673.6029999999998
15249,89.213
15250,162.91199999999998
15251,674.668
15252,89.52000000000001
15253,162.71300000000002
15254,674.381
15255,88.52
15256,165.132
15257,677.6560000000001
15258,89.189
15259,167.85219
15260,678.721
15261,91.584
15262,168.97219
15263,660.2525
15264,93.16
15265,165.615
15266,665.89306
15267,90.2798
15268,167.12980000000002
15269,658.8428600000001
15270,90.957
15271,171.59219
15272,661.70866
15273,93.23599999999999
15274,173.06299999999996
15275,660.8145000000002
15276,91.16300000000001
15277,174.92999999999998
15278,668.3647000000001
15279,92.471
15280,174.964
15281,664.2777000000001
15282,93.48800000000001
15283,175.692
15284,662.83926
15285,93.83500000000001
15286,177.47
15287,670.6527
15288,96.541
15289,182.88499999999996
15290,670.6527
15291,98.021
15292,170.364
15293,670.6022
15294,96.721
15295,162.89600000000002
15296,662.5325
15297,93.35000000000001
15298,164.031
15299,661.96806
15300,93.53599999999999
15301,159.929
15302,662.7395600000001
15303,91.81900000000003
15304,161.00799999999998
15305,664.1563600000001
15306,92.822
15307,162.204
15308,661.63966
15309,96.468
15310,162.70799999999997
15311,664.4733000000001
15312,97.588
15313,163.231
15314,666.6813
15315,94.828
15316,168.16557
15317,666.4525000000001
15318,98.628
15319,171.14938
15320,676.8863000000001
15321,93.45100000000002
15322,177.379
15323,675.3753
15324,93.22800000000001
15325,179.36899999999997
15326,676.3671
15327,93.975
15328,184.267
15329,675.4681
15330,97.89
15331,188.875
15332,674.9679000000001
15333,98.03200000000001
15334,192.239
15335,678.7721
15336,100.42800000000001
15337,188.221
15338,674.9679000000001
15339,98.8
15340,189.28904
15341,679.5358000000001
15342,100.62100000000001
15343,189.827
15344,676.3483
15345,100.958
15346,187.18488000000002
15347,674.4313000000001
15348,100.72999999999999
15349,186.93056
15350,678.4933
15351,95.48000000000002
15352,187.79720000000003
15353,678.4933
15354,94.968
15355,184.71460000000002
15356,677.7513
15357,95.53200000000001
15358,189.74099999999999
15359,675.6881000000001
15360,101.707
15361,184.56
15362,679.1713000000002
15363,102.96
15364,190.103
15365,679.7543
15366,102.357
15367,190.22199999999998
15368,675.5120000000002
15369,101.39899999999999
15370,189.819
15371,683.606
15372,101.631
15373,190.22199999999998
15374,673.8915
15375,100.58500000000001
15376,184.433
15377,686.83
15378,101.066
15379,182.85500000000002
15380,686.9127
15381,100.84100000000001
15382,201.46499999999997
15383,686.1126999999999
15384,103.03999999999999
15385,195.873
15386,688.3824999999999
15387,107.04100000000001
15388,200.792
15389,685.269
15390,106.95
15391,209.254
15392,679.713
15393,107.07800000000002
15394,201.257
15395,674.1973
15396,104.05700000000002
15397,193.33800000000002
15398,675.4421000000001
15399,103.52000000000001
15400,191.621
15401,678.3623
15402,100.58300000000001
15403,193.87899999999996
15404,677.2335
15405,100.16600000000001
15406,192.423
15407,681.6083000000001
15408,101.599
15409,192.23899999999998
15410,683.7963000000001
15411,105.63598999999999
15412,189.68099999999998
15413,679.9921000000002
15414,97.74300000000001
15415,188.58601
15416,679.4693
15417,100.518
15418,186.858
15419,682.7095
15420,101.923
15421,189.39201
15422,675.5013
15423,107.696
15424,186.23700000000002
15425,676.4725000000001
15426,103.205
15427,187.733
15428,674.0793000000001
15429,99.6
15430,179.894
15431,676.7733000000001
15432,101.506
15433,181.933
15434,678.8023000000001
15435,97.019
15436,183.59
15437,676.6973
15438,95.393
15439,185.54499
15440,678.8023000000001
15441,97.24
15442,189.03798999999998
15443,677.4261
15444,98.0
15445,189.608
15446,675.6881000000001
15447,102.20200000000003
15448,183.20799000000002
15449,678.9155000000001
15450,97.933
15451,188.741
15452,675.5995
15453,102.655
15454,192.777
15455,672.9103
15456,104.80499999999999
15457,191.58319
15458,687.4845
15459,105.86000000000001
15460,193.077
15461,683.8115
15462,109.97299999999998
15463,191.34300000000002
15464,687.6659999999999
15465,109.60799999999999
15466,194.526
15467,686.04
15468,108.877
15469,193.05599999999998
15470,685.112
15471,108.06799999999998
15472,194.46099999999998
15473,679.537
15474,107.86300000000001
15475,191.76299999999998
15476,681.673
15477,108.82000000000001
15478,193.055
15479,680.4543000000001
15480,105.80400000000002
15481,193.70899999999997
15482,671.2393000000001
15483,103.31800000000001
15484,196.00899999999996
15485,674.4313000000001
15486,109.59899999999998
15487,195.22899999999998
15488,677.9463
15489,111.404
15490,200.58699999999996
15491,677.5963
15492,112.859
15493,209.01500000000001
15494,687.1184999999999
15495,113.075
15496,200.053
15497,676.3853000000001
15498,112.28299999999999
15499,196.648
15500,677.8333
15501,107.16900000000001
15502,192.113
15503,677.4083
15504,103.09200000000001
15505,190.678
15506,675.8303
15507,103.40299999999999
15508,204.6658
15509,678.6593
15510,104.953
15511,205.07380000000003
15512,676.9141
15513,107.40600000000002
15514,209.28400000000002
15515,677.4261
15516,114.21399000000001
15517,212.86499999999995
15518,681.1158
15519,112.44000000000001
15520,213.888
15521,687.3173
15522,112.273
15523,214.70839999999998
15524,691.9125
15525,114.252
15526,214.5894
15527,687.3083
15528,114.98998999999999
15529,209.238
15530,675.1351000000001
15531,112.61199000000002
15532,209.80339999999995
15533,676.7395
15534,107.38900000000001
15535,214.60100000000003
15536,681.1665
15537,114.10699
15538,216.18200000000002
15539,673.2675000000002
15540,107.54100000000001
15541,219.20499999999998
15542,673.8125000000001
15543,103.829
15544,221.64300000000003
15545,677.9463
15546,102.71900000000001
15547,216.44899999999998
15548,677.6632999999999
15549,102.006
15550,215.69379999999995
15551,679.1833
15552,101.65
15553,216.9518
15554,681.2423
15555,103.468
15556,216.7828
15557,677.4261
15558,110.918
15559,217.641
15560,679.1376000000001
15561,114.23899000000002
15562,224.106
15563,690.94
15564,114.78099000000002
15565,224.533
15566,687.9638000000001
15567,115.02898999999998
15568,231.5655
15569,685.276
15570,113.352
15571,223.323
15572,677.4671000000001
15573,114.542
15574,220.56300000000002
15575,680.1593
15576,114.57000000000001
15577,221.706
15578,680.1593
15579,111.708
15580,220.827
15581,676.0893000000001
15582,107.269
15583,220.77400000000003
15584,674.5743
15585,107.994
15586,217.007
15587,674.4313000000001
15588,106.925
15589,220.276
15590,675.9333
15591,106.96199999999999
15592,222.44300000000004
15593,679.2713000000001
15594,113.619
15595,222.962
15596,676.6521
15597,114.15799999999999
15598,222.47100000000006
15599,677.4261
15600,115.274
15601,222.6355
15602,677.4333
15603,115.174
15604,219.365
15605,675.5903000000001
15606,114.99499999999998
15607,223.89600000000002
15608,672.5803
15609,117.76599999999999
15610,223.12489999999997
15611,672.2393
15612,112.893
15613,223.75300000000001
15614,672.8565000000001
15615,118.00899999999999
15616,223.877
15617,678.8435000000002
15618,115.78099999999999
15619,225.277
15620,676.4003
15621,117.875
15622,224.61499999999995
15623,679.4923000000001
15624,118.66609999999999
15625,218.621
15626,678.0098
15627,115.17699999999999
15628,223.72390000000001
15629,689.1904999999999
15630,116.787
15631,225.7449
15632,674.2943000000001
15633,116.309
15634,222.92889999999997
15635,668.5795
15636,121.28509999999999
15637,226.51189999999997
15638,666.5857000000001
15639,116.99499999999998
15640,224.8469
15641,667.2785000000001
15642,116.7211
15643,227.83613999999997
15644,669.0425
15645,115.04299999999998
15646,229.23200000000006
15647,669.454
15648,113.26599999999999
15649,229.24000000000007
15650,668.5820000000001
15651,111.30999999999999
15652,232.39700000000002
15653,667.4170000000001
15654,109.80499999999998
15655,222.58800000000002
15656,656.8330000000002
15657,92.33300000000001
15658,224.7978
15659,656.8330000000002
15660,102.65799999999999
15661,228.54299999999998
15662,659.7085000000002
15663,104.348
15664,228.07
15665,661.1605000000002
15666,103.218
15667,224.50500000000002
15668,657.28366
15669,111.093
15670,226.66400000000004
15671,659.8693000000001
15672,113.458
15673,217.3599
15674,658.2008600000001
15675,105.59400000000001
15676,219.0839
15677,657.4008600000001
15678,104.293
15679,224.975
15680,657.4008600000001
15681,104.26199999999999
15682,226.1875
15683,659.566
15684,105.881
15685,214.541
15686,657.4008600000001
15687,100.69200000000001
15688,218.11100000000002
15689,662.1928
15690,110.91900000000001
15691,218.78900000000004
15692,662.2639999999999
15693,103.329
15694,214.70779999999996
15695,662.2639999999999
15696,102.031
15697,220.72899999999998
15698,662.2639999999999
15699,105.59400000000001
15700,222.17800000000003
15701,661.6145000000001
15702,111.019
15703,223.91600000000003
15704,660.2525
15705,109.492
15706,212.84880000000004
15707,662.9505
15708,110.306
15709,207.21099999999996
15710,661.44986
15711,112.11600000000001
15712,206.16699999999997
15713,660.89886
15714,111.49099999999999
15715,207.35789999999997
15716,666.3435000000002
15717,111.744
15718,205.7469
15719,666.9227000000001
15720,112.726
15721,204.9344
15722,661.24726
15723,110.70899999999999
15724,200.36700000000002
15725,660.8640600000001
15726,107.47200000000001
15727,193.07600000000002
15728,663.3443599999999
15729,105.523
15730,189.89800000000002
15731,663.0523599999999
15732,100.623
15733,190.86290000000002
15734,661.4010000000001
15735,102.835
15736,194.631
15737,660.983
15738,109.38499999999999
15739,190.447
15740,660.983
15741,102.355
15742,183.142
15743,661.1480000000001
15744,102.46200000000002
15745,180.92199999999997
15746,660.1625000000001
15747,102.275
15748,167.361
15749,653.8858600000001
15750,103.93700000000001
15751,168.489
15752,660.6973
15753,111.53599999999999
15754,170.98499999999999
15755,659.8693000000001
15756,112.58800000000001
15757,176.95700000000002
15758,670.6022
15759,113.27600000000002
15760,177.69099999999997
15761,668.5462
15762,112.81199999999998
15763,178.57199999999997
15764,668.7782
15765,113.13400000000001
15766,186.12600000000003
15767,668.7782
15768,114.085
15769,177.077
15770,661.47926
15771,110.72
15772,176.425
15773,661.8675599999999
15774,107.91799999999998
15775,170.517
15776,660.74886
15777,102.54299999999998
15778,172.31799999999998
15779,664.5403600000001
15780,104.36600000000001
15781,173.15437000000003
15782,663.76886
15783,107.72399999999998
15784,163.41437000000002
15785,662.80486
15786,110.50999999999999
15787,166.847
15788,662.96986
15789,111.362
15790,155.365
15791,663.7413600000001
15792,101.911
15793,155.61936999999998
15794,664.68016
15795,98.28
15796,157.078
15797,668.0181599999999
15798,100.811
15799,161.54149999999998
15800,666.3668
15801,101.138
15802,158.724
15803,672.1584999999999
15804,100.583
15805,152.762
15806,672.1584999999999
15807,98.998
15808,147.68220000000002
15809,672.1584999999999
15810,97.73500000000001
15811,151.58499999999998
15812,670.9905000000001
15813,96.551
15814,157.59099999999998
15815,659.8693000000001
15816,100.11500000000001
15817,158.041
15818,659.8693000000001
15819,101.94300000000001
15820,159.834
15821,659.8693000000001
15822,105.13399999999999
15823,160.692
15824,659.1536600000001
15825,104.016
15826,150.65019999999998
15827,662.7645000000001
15828,95.83599999999998
15829,152.77689999999998
15830,668.5967
15831,103.715
15832,152.47889999999998
15833,668.5967
15834,107.535
15835,154.3879
15836,668.7782
15837,106.96200000000002
15838,156.4019
15839,672.0315599999999
15840,107.30000000000003
15841,156.862
15842,665.23206
15843,107.799
15844,157.996
15845,662.35126
15846,106.566
15847,151.577
15848,662.7395600000001
15849,100.836
15850,154.03199999999998
15851,667.86806
15852,109.16
15853,157.32699999999997
15854,670.6527
15855,109.322
15856,158.3928
15857,671.85006
15858,109.17999999999999
15859,161.31980000000001
15860,664.8205
15861,110.85
15862,158.48489999999998
15863,668.1977
15864,109.34100000000001
15865,157.78699999999998
15866,675.1068
15867,109.921
15868,156.735
15869,678.1123
15870,107.56500000000001
15871,157.18
15872,676.9063
15873,113.16900000000001
15874,155.27900000000002
15875,678.7243000000001
15876,103.699
15877,159.5459
15878,678.2843
15879,101.922
15880,162.317
15881,677.6041000000001
15882,112.45599999999999
15883,171.24999999999997
15884,685.4243
15885,102.267
15886,173.21199999999996
15887,677.4583
15888,100.785
15889,173.773
15890,675.8303
15891,113.54497999999998
15892,179.185
15893,677.6193000000001
15894,113.65699
15895,175.051
15896,675.3785
15897,114.22698999999997
15898,171.701
15899,672.8794999999999
15900,107.66199000000002
15901,163.09279999999998
15902,674.1125
15903,107.72799
15904,164.2348
15905,672.5695000000002
15906,104.85
15907,165.12980000000002
15908,672.4815000000001
15909,112.81299000000001
15910,162.91117
15911,677.0983
15912,113.86498999999999
15913,163.03300000000004
15914,658.4328600000001
15915,112.679
15916,166.345
15917,660.45406
15918,113.19000000000001
15919,167.18037
15920,661.52036
15921,113.20899999999999
15922,168.437
15923,660.74886
15924,108.98599999999999
15925,166.52800000000002
15926,659.30686
15927,113.33400000000002
15928,172.64499999999995
15929,660.9788599999999
15930,113.54700000000003
15931,175.96099999999998
15932,666.2185000000002
15933,115.381
15934,174.66299999999998
15935,663.15206
15936,117.83599999999998
15937,171.911
15938,661.4068599999999
15939,115.724
15940,169.81437
15941,661.28206
15942,111.25
15943,172.25900000000001
15944,668.5967
15945,114.434
15946,181.088
15947,668.5967
15948,114.46399999999998
15949,171.315
15950,664.8205
15951,111.229
15952,164.44400000000002
15953,664.02406
15954,115.94800000000001
15955,174.29000000000002
15956,667.3572000000001
15957,107.94800000000001
15958,171.959
15959,668.7740000000001
15960,103.93799999999999
15961,176.56999999999996
15962,666.2573
15963,116.06999999999998
15964,179.26200000000003
15965,663.02766
15966,118.984
15967,186.13400000000001
15968,677.1783
15969,121.37100000000001
15970,187.51000000000002
15971,675.0843000000001
15972,121.25309999999999
15973,188.73728
15974,689.9905
15975,120.68820000000001
15976,188.53799999999998
15977,686.1773000000001
15978,122.8182
15979,186.45628
15980,685.2048000000001
15981,121.5421
15982,187.84828
15983,685.5625
15984,119.52590000000001
15985,192.08504
15986,684.145
15987,120.92399999999998
15988,193.93904000000003
15989,676.4725000000001
15990,116.64000000000001
15991,189.907
15992,675.4043
15993,119.31800000000001
15994,189.02400000000003
15995,674.3643000000001
15996,118.79100000000001
15997,188.423
15998,676.9733
15999,117.453
16000,188.423
16001,678.6363
16002,116.833
16003,188.22899999999998
16004,677.5963
16005,119.33099999999999
16006,189.824
16007,684.0325
16008,120.729
16009,203.16099999999997
16010,687.1358000000001
16011,120.74099999999999
16012,203.331
16013,687.3173
16014,124.80399999999997
16015,206.365
16016,680.7966
16017,118.601
16018,213.283
16019,687.624
16020,118.58500000000001
16021,213.78000000000003
16022,688.457
16023,121.274
16024,206.76500000000001
16025,677.2635
16026,119.48500000000001
16027,205.317
16028,681.8251
16029,122.576
16030,203.88100000000003
16031,679.0361
16032,121.6312
16033,202.14600000000002
16034,673.9141000000002
16035,122.99000000000001
16036,203.307
16037,674.5021
16038,123.225
16039,203.50000000000003
16040,680.3783000000001
16041,119.88419999999999
16042,212.494
16043,674.7239000000002
16044,121.346
16045,211.448
16046,672.9989000000002
16047,122.3539
16048,211.57180000000002
16049,688.133
16050,121.4689
16051,210.92880000000005
16052,686.485
16053,122.622
16054,210.0748
16055,678.7448000000002
16056,121.85799999999999
16057,203.818
16058,675.4006000000002
16059,123.01599999999999
16060,200.11600000000004
16061,682.6975
16062,124.93700000000001
16063,202.97200000000004
16064,677.4671000000001
16065,125.173
16066,200.751
16067,678.4033000000001
16068,132.2779
16069,214.95100000000002
16070,678.3743000000001
16071,129.74999999999997
16072,208.044
16073,678.2253000000001
16074,128.619
16075,213.589
16076,686.5545
16077,132.90800000000002
16078,206.30300000000003
16079,677.5261
16080,127.83500000000001
16081,202.68900000000002
16082,680.4920000000001
16083,118.67999999999999
16084,200.3854
16085,679.4373000000002
16086,121.55999999999999
16087,199.8934
16088,678.3723
16089,117.86799999999998
16090,193.16559999999998
16091,677.5943000000001
16092,121.457
16093,187.48700000000002
16094,677.5943000000001
16095,113.946
16096,188.58800000000002
16097,677.918
16098,116.625
16099,190.18600999999998
16100,678.9895
16101,120.80799999999999
16102,189.30601000000001
16103,674.9837
16104,127.15399999999997
16105,192.97401
16106,674.6005000000001
16107,125.001
16108,185.63899999999998
16109,672.8625
16110,122.946
16111,189.90801
16112,671.2845
16113,122.61599999999999
16114,186.577
16115,664.5090000000001
16116,123.681
16117,182.45999999999998
16118,663.587
16119,117.86300000000001
16120,181.34099999999998
16121,663.2843600000001
16122,120.50800000000001
16123,172.549
16124,664.5403600000001
16125,121.10000000000002
16126,171.487
16127,664.5403600000001
16128,117.458
16129,173.33599999999996
16130,663.76886
16131,116.86000000000001
16132,170.084
16133,659.7980000000001
16134,111.85499999999999
16135,171.25899999999996
16136,658.2850000000001
16137,113.12899999999999
16138,175.068
16139,660.983
16140,117.332
16141,183.23000000000002
16142,657.5135000000001
16143,123.66099999999999
16144,185.204
16145,662.81186
16146,125.84401
16147,193.20328
16148,664.2413
16149,128.44102
16150,188.63047
16151,670.4207
16152,129.50601
16153,194.30004000000002
16154,667.7284999999999
16155,130.028
16156,198.042
16157,659.11886
16158,131.61289
16159,200.796
16160,664.95106
16161,132.54000000000002
